case,implementation,bytes,median_ns,min_ns,max_ns,MiB/s
filelog_decode/ascii/1,prototype,65526,2064040.555,2031694.663,2091952.173,30.276
filelog_decode/ascii/1,candidate,65526,1416487.692,1271332.819,1421574.620,44.116
filelog_decode/ascii/17,prototype,65526,1132591.745,1131583.772,1176370.265,55.175
filelog_decode/ascii/17,candidate,65526,707201.273,691700.943,766582.195,88.363
filelog_decode/ascii/3,prototype,65526,1420888.975,1402612.196,1476742.888,43.980
filelog_decode/ascii/3,candidate,65526,899109.830,864131.340,902588.679,69.503
filelog_decode/ascii/65536,prototype,65526,1093838.277,1077014.858,1129118.942,57.130
filelog_decode/ascii/65536,candidate,65526,673807.254,666897.202,711106.169,92.742
filelog_decode/bad_ascii_Fail/1,prototype,4,135.348,132.386,138.283,28.184
filelog_decode/bad_ascii_Fail/1,candidate,4,118.029,113.578,118.389,32.320
filelog_decode/bad_ascii_Fail/17,prototype,4,91.743,91.586,94.868,41.580
filelog_decode/bad_ascii_Fail/17,candidate,4,81.524,80.262,82.307,46.792
filelog_decode/bad_ascii_Fail/3,prototype,4,110.040,104.852,110.626,34.667
filelog_decode/bad_ascii_Fail/3,candidate,4,90.149,89.553,94.260,42.315
filelog_decode/bad_ascii_Fail/65536,prototype,4,93.039,91.513,96.406,41.001
filelog_decode/bad_ascii_Fail/65536,candidate,4,79.731,78.791,81.741,47.845
filelog_decode/bad_ascii_PreserveRaw/1,prototype,65536,2096071.986,2051246.991,2750542.470,29.818
filelog_decode/bad_ascii_PreserveRaw/1,candidate,65536,1560909.687,1538703.947,1632197.619,40.041
filelog_decode/bad_ascii_PreserveRaw/17,prototype,65536,1180017.392,1124222.773,1618691.928,52.965
filelog_decode/bad_ascii_PreserveRaw/17,candidate,65536,855060.748,831022.301,905825.393,73.094
filelog_decode/bad_ascii_PreserveRaw/3,prototype,65536,1428295.949,1401107.878,1847732.477,43.758
filelog_decode/bad_ascii_PreserveRaw/3,candidate,65536,1052688.101,1035029.091,1076142.998,59.372
filelog_decode/bad_ascii_PreserveRaw/65536,prototype,65536,1098619.108,1089155.465,1407494.879,56.890
filelog_decode/bad_ascii_PreserveRaw/65536,candidate,65536,805869.325,787721.235,817592.966,77.556
filelog_decode/bad_ascii_Replace/1,prototype,65536,2097754.763,2025654.980,2264770.497,29.794
filelog_decode/bad_ascii_Replace/1,candidate,65536,1558965.903,1542923.658,1613976.727,40.091
filelog_decode/bad_ascii_Replace/17,prototype,65536,1148755.546,1133355.080,1160518.306,54.407
filelog_decode/bad_ascii_Replace/17,candidate,65536,868144.709,837182.819,880415.790,71.993
filelog_decode/bad_ascii_Replace/3,prototype,65536,1429366.388,1387895.082,1478699.007,43.726
filelog_decode/bad_ascii_Replace/3,candidate,65536,1040349.844,1031844.579,1073770.032,60.076
filelog_decode/bad_ascii_Replace/65536,prototype,65536,1094114.288,1079199.682,1096447.294,57.124
filelog_decode/bad_ascii_Replace/65536,candidate,65536,819489.968,789936.371,878247.178,76.267
filelog_decode/bad_utf16be_Fail/1,prototype,10,269.641,262.751,269.688,35.368
filelog_decode/bad_utf16be_Fail/1,candidate,10,232.097,230.625,236.560,41.090
filelog_decode/bad_utf16be_Fail/17,prototype,10,116.716,115.764,117.502,81.709
filelog_decode/bad_utf16be_Fail/17,candidate,10,113.146,112.978,114.234,84.287
filelog_decode/bad_utf16be_Fail/3,prototype,10,170.168,168.818,171.423,56.043
filelog_decode/bad_utf16be_Fail/3,candidate,10,156.155,152.561,157.238,61.072
filelog_decode/bad_utf16be_Fail/65536,prototype,10,116.272,114.225,116.933,82.021
filelog_decode/bad_utf16be_Fail/65536,candidate,10,116.185,115.126,117.495,82.082
filelog_decode/bad_utf16be_PreserveRaw/1,prototype,65534,1809938.347,1795949.241,1863106.218,34.531
filelog_decode/bad_utf16be_PreserveRaw/1,candidate,65534,1583733.222,1572730.488,1737789.465,39.463
filelog_decode/bad_utf16be_PreserveRaw/17,prototype,65534,784543.951,784017.404,808757.385,79.662
filelog_decode/bad_utf16be_PreserveRaw/17,candidate,65534,739836.167,731679.568,826023.104,84.476
filelog_decode/bad_utf16be_PreserveRaw/3,prototype,65534,1093190.899,1091414.189,1130388.773,57.170
filelog_decode/bad_utf16be_PreserveRaw/3,candidate,65534,979503.984,979039.897,1113436.362,63.806
filelog_decode/bad_utf16be_PreserveRaw/65536,prototype,65534,745011.395,725133.790,758679.834,83.889
filelog_decode/bad_utf16be_PreserveRaw/65536,candidate,65534,687370.939,676224.889,726526.478,90.923
filelog_decode/bad_utf16be_Replace/1,prototype,65534,1866366.033,1861858.394,1900988.426,33.487
filelog_decode/bad_utf16be_Replace/1,candidate,65534,1633144.070,1573068.203,1721081.060,38.269
filelog_decode/bad_utf16be_Replace/17,prototype,65534,802770.992,795379.454,1043994.520,77.853
filelog_decode/bad_utf16be_Replace/17,candidate,65534,750177.675,739592.307,763375.488,83.311
filelog_decode/bad_utf16be_Replace/3,prototype,65534,1133371.522,1119668.870,1170432.181,55.144
filelog_decode/bad_utf16be_Replace/3,candidate,65534,1058395.651,1051087.044,1088390.584,59.050
filelog_decode/bad_utf16be_Replace/65536,prototype,65534,743796.116,731818.504,792859.344,84.026
filelog_decode/bad_utf16be_Replace/65536,candidate,65534,681113.430,673385.419,684499.740,91.759
filelog_decode/bad_utf16le_Fail/1,prototype,10,262.058,260.989,270.159,36.392
filelog_decode/bad_utf16le_Fail/1,candidate,10,230.805,227.261,253.785,41.320
filelog_decode/bad_utf16le_Fail/17,prototype,10,116.092,113.782,116.585,82.148
filelog_decode/bad_utf16le_Fail/17,candidate,10,111.657,111.577,131.266,85.411
filelog_decode/bad_utf16le_Fail/3,prototype,10,165.672,163.617,168.723,57.564
filelog_decode/bad_utf16le_Fail/3,candidate,10,153.106,151.577,170.992,62.289
filelog_decode/bad_utf16le_Fail/65536,prototype,10,112.839,112.566,115.548,84.516
filelog_decode/bad_utf16le_Fail/65536,candidate,10,112.763,111.726,120.873,84.573
filelog_decode/bad_utf16le_PreserveRaw/1,prototype,65534,1815285.376,1796726.923,1860133.821,34.429
filelog_decode/bad_utf16le_PreserveRaw/1,candidate,65534,1604674.419,1558057.435,1649301.835,38.948
filelog_decode/bad_utf16le_PreserveRaw/17,prototype,65534,797502.346,782688.437,798659.335,78.367
filelog_decode/bad_utf16le_PreserveRaw/17,candidate,65534,769752.240,749130.931,819089.340,81.192
filelog_decode/bad_utf16le_PreserveRaw/3,prototype,65534,1094610.588,1082830.577,1107320.500,57.096
filelog_decode/bad_utf16le_PreserveRaw/3,candidate,65534,1018449.303,987580.909,1090287.123,61.366
filelog_decode/bad_utf16le_PreserveRaw/65536,prototype,65534,721822.172,716655.448,742679.908,86.584
filelog_decode/bad_utf16le_PreserveRaw/65536,candidate,65534,690328.227,673641.553,712569.594,90.534
filelog_decode/bad_utf16le_Replace/1,prototype,65534,1858628.852,1802583.674,1879105.055,33.626
filelog_decode/bad_utf16le_Replace/1,candidate,65534,1641605.647,1565183.517,1792315.112,38.071
filelog_decode/bad_utf16le_Replace/17,prototype,65534,827056.093,782644.093,875235.294,75.567
filelog_decode/bad_utf16le_Replace/17,candidate,65534,740941.239,737153.504,858832.853,84.350
filelog_decode/bad_utf16le_Replace/3,prototype,65534,1110344.181,1083305.740,1143177.197,56.287
filelog_decode/bad_utf16le_Replace/3,candidate,65534,1070504.428,976849.063,1138642.610,58.382
filelog_decode/bad_utf16le_Replace/65536,prototype,65534,739948.821,729404.073,747472.242,84.463
filelog_decode/bad_utf16le_Replace/65536,candidate,65534,681959.259,674208.862,736272.965,91.645
filelog_decode/bad_utf8_Fail/1,prototype,4,209.399,205.761,213.268,18.217
filelog_decode/bad_utf8_Fail/1,candidate,4,161.573,157.246,165.940,23.610
filelog_decode/bad_utf8_Fail/17,prototype,4,157.102,153.537,167.823,24.282
filelog_decode/bad_utf8_Fail/17,candidate,4,127.168,115.774,134.813,29.997
filelog_decode/bad_utf8_Fail/3,prototype,4,175.128,169.829,178.852,21.782
filelog_decode/bad_utf8_Fail/3,candidate,4,130.950,128.911,132.296,29.131
filelog_decode/bad_utf8_Fail/65536,prototype,4,157.786,155.095,162.614,24.176
filelog_decode/bad_utf8_Fail/65536,candidate,4,119.511,118.130,120.389,31.919
filelog_decode/bad_utf8_PreserveRaw/1,prototype,65534,2978802.385,2953592.147,3206562.405,20.981
filelog_decode/bad_utf8_PreserveRaw/1,candidate,65534,2272522.452,2264518.762,2548954.408,27.502
filelog_decode/bad_utf8_PreserveRaw/17,prototype,65534,2162425.649,2154468.552,2393142.096,28.902
filelog_decode/bad_utf8_PreserveRaw/17,candidate,65534,1717688.465,1595074.043,1909344.260,36.385
filelog_decode/bad_utf8_PreserveRaw/3,prototype,65534,2405515.311,2380747.410,2507640.807,25.981
filelog_decode/bad_utf8_PreserveRaw/3,candidate,65534,1835940.381,1810443.743,2547203.555,34.041
filelog_decode/bad_utf8_PreserveRaw/65536,prototype,65534,2106178.277,2093807.038,2215305.035,29.674
filelog_decode/bad_utf8_PreserveRaw/65536,candidate,65534,1579335.318,1573959.610,1814884.614,39.572
filelog_decode/bad_utf8_Replace/1,prototype,65534,3022674.972,2983932.822,3048438.700,20.676
filelog_decode/bad_utf8_Replace/1,candidate,65534,2327328.254,2260857.423,2820392.682,26.854
filelog_decode/bad_utf8_Replace/17,prototype,65534,2168646.113,2150213.927,2225564.678,28.819
filelog_decode/bad_utf8_Replace/17,candidate,65534,1651023.869,1587718.585,1660051.719,37.854
filelog_decode/bad_utf8_Replace/3,prototype,65534,2396932.121,2385847.910,2466102.625,26.074
filelog_decode/bad_utf8_Replace/3,candidate,65534,1855143.324,1797254.046,1894230.426,33.689
filelog_decode/bad_utf8_Replace/65536,prototype,65534,2157418.228,2108201.501,2270091.398,28.969
filelog_decode/bad_utf8_Replace/65536,candidate,65534,1615638.878,1558919.351,1622697.981,38.683
filelog_decode/buffered_ascii_experiment/0,prototype,65520,1940384.545,1889202.512,1956494.881,32.202
filelog_decode/buffered_ascii_experiment/0,candidate,65520,621907.694,613486.511,656659.188,100.473
filelog_decode/buffered_ascii_experiment/1,prototype,65520,3236193.305,3130017.852,3295203.168,19.308
filelog_decode/buffered_ascii_experiment/1,candidate,65520,1399942.776,1376450.258,1464892.080,44.634
filelog_decode/buffered_ascii_experiment/16,prototype,65520,2964698.361,2716409.174,3188901.503,21.076
filelog_decode/buffered_ascii_experiment/16,candidate,65520,818502.844,815831.590,915223.086,76.340
filelog_decode/buffered_ascii_experiment/4,prototype,65520,2816506.808,2813322.931,2826842.900,22.185
filelog_decode/buffered_ascii_experiment/4,candidate,65520,770859.399,739033.139,942535.091,81.059
filelog_decode/buffered_ascii_experiment/64,prototype,65520,2807934.055,2732426.119,2867620.045,22.253
filelog_decode/buffered_ascii_experiment/64,candidate,65520,822461.660,798826.832,975115.185,75.973
filelog_decode/raw/1,prototype,65536,2051900.732,2037441.829,2101256.393,30.460
filelog_decode/raw/1,candidate,65536,1384166.113,1273069.582,1497313.372,45.154
filelog_decode/raw/17,prototype,65536,1147690.030,1137462.477,1189031.310,54.457
filelog_decode/raw/17,candidate,65536,685005.672,683772.793,760572.444,91.240
filelog_decode/raw/3,prototype,65536,1393609.412,1391132.070,1441468.832,44.848
filelog_decode/raw/3,candidate,65536,870865.500,859173.855,934317.917,71.768
filelog_decode/raw/65536,prototype,65536,1099261.235,1087022.079,1120642.472,56.856
filelog_decode/raw/65536,candidate,65536,668287.390,650318.772,779634.305,93.523
filelog_decode/utf16be_bmp/1,prototype,65516,1788075.760,1784531.590,1844770.226,34.943
filelog_decode/utf16be_bmp/1,candidate,65516,1572786.875,1500225.166,1743174.302,39.726
filelog_decode/utf16be_bmp/17,prototype,65516,781618.308,767273.771,811405.854,79.938
filelog_decode/utf16be_bmp/17,candidate,65516,720772.578,707388.845,782615.089,86.686
filelog_decode/utf16be_bmp/3,prototype,65516,1085521.891,1075096.635,1109316.230,57.558
filelog_decode/utf16be_bmp/3,candidate,65516,995825.082,989806.101,1026972.337,62.743
filelog_decode/utf16be_bmp/65536,prototype,65516,711184.714,710694.913,732373.391,87.855
filelog_decode/utf16be_bmp/65536,candidate,65516,678050.554,639158.022,725656.761,92.148
filelog_decode/utf16be_pairs/1,prototype,65520,1581635.347,1552795.617,1657406.494,39.506
filelog_decode/utf16be_pairs/1,candidate,65520,1373223.034,1344958.284,1540989.613,45.502
filelog_decode/utf16be_pairs/17,prototype,65520,503133.416,503017.232,515597.783,124.191
filelog_decode/utf16be_pairs/17,candidate,65520,520514.940,512922.082,626718.489,120.044
filelog_decode/utf16be_pairs/3,prototype,65520,815010.381,810291.975,839897.961,76.667
filelog_decode/utf16be_pairs/3,candidate,65520,753517.270,748117.707,883580.407,82.924
filelog_decode/utf16be_pairs/65536,prototype,65520,445604.008,434656.957,456929.013,140.225
filelog_decode/utf16be_pairs/65536,candidate,65520,467812.206,450495.400,519678.858,133.568
filelog_decode/utf16le_bmp/1,prototype,65516,1826324.803,1789016.169,1853681.800,34.211
filelog_decode/utf16le_bmp/1,candidate,65516,1564914.250,1564788.725,1571566.617,39.926
filelog_decode/utf16le_bmp/17,prototype,65516,781796.124,775017.439,800425.704,79.920
filelog_decode/utf16le_bmp/17,candidate,65516,710746.189,694177.799,736351.967,87.909
filelog_decode/utf16le_bmp/3,prototype,65516,1120963.377,1070387.332,1162366.399,55.739
filelog_decode/utf16le_bmp/3,candidate,65516,972347.960,933387.863,999497.153,64.258
filelog_decode/utf16le_bmp/65536,prototype,65516,710628.259,707314.388,738471.465,87.924
filelog_decode/utf16le_bmp/65536,candidate,65516,654247.096,653603.195,660490.240,95.501
filelog_decode/utf16le_pairs/1,prototype,65520,1580051.802,1556026.311,1608254.553,39.546
filelog_decode/utf16le_pairs/1,candidate,65520,1379398.756,1323654.897,1382234.630,45.299
filelog_decode/utf16le_pairs/17,prototype,65520,515693.363,499932.487,526800.293,121.166
filelog_decode/utf16le_pairs/17,candidate,65520,531842.558,506840.594,547306.035,117.487
filelog_decode/utf16le_pairs/3,prototype,65520,825593.626,813601.412,851683.913,75.685
filelog_decode/utf16le_pairs/3,candidate,65520,763112.191,735388.624,779589.695,81.881
filelog_decode/utf16le_pairs/65536,prototype,65520,444455.992,432935.891,445960.142,140.587
filelog_decode/utf16le_pairs/65536,candidate,65520,453880.653,453243.218,500888.709,137.668
filelog_decode/utf8_ascii/1,prototype,65526,2916817.658,2906163.421,3152745.265,21.424
filelog_decode/utf8_ascii/1,candidate,65526,1481240.752,1432410.139,1535066.271,42.188
filelog_decode/utf8_ascii/17,prototype,65526,2007546.910,1960482.983,2185302.866,31.128
filelog_decode/utf8_ascii/17,candidate,65526,699027.703,681211.722,729627.791,89.396
filelog_decode/utf8_ascii/3,prototype,65526,2250501.529,2238413.232,2384497.955,27.767
filelog_decode/utf8_ascii/3,candidate,65526,913575.640,879750.482,914471.280,68.402
filelog_decode/utf8_ascii/65536,prototype,65526,1912853.144,1896604.131,1964998.063,32.669
filelog_decode/utf8_ascii/65536,candidate,65526,650456.852,638562.862,681847.117,96.072
filelog_decode/utf8_bom/1,prototype,65508,2544662.258,2474559.256,2646795.792,24.551
filelog_decode/utf8_bom/1,candidate,65508,1605897.912,1595382.603,1608429.118,38.902
filelog_decode/utf8_bom/17,prototype,65508,1739013.319,1705692.099,1784077.556,35.925
filelog_decode/utf8_bom/17,candidate,65508,913933.384,903049.766,933125.352,68.357
filelog_decode/utf8_bom/3,prototype,65508,1992174.325,1942106.716,2008179.477,31.359
filelog_decode/utf8_bom/3,candidate,65508,1132298.411,1092416.931,1153742.894,55.174
filelog_decode/utf8_bom/65536,prototype,65508,1663921.267,1647433.807,1712151.071,37.546
filelog_decode/utf8_bom/65536,candidate,65508,858382.017,850048.404,899755.945,72.780
filelog_decode/utf8_multibyte/1,prototype,65505,2507775.964,2498177.441,2560439.834,24.911
filelog_decode/utf8_multibyte/1,candidate,65505,1669455.405,1628527.796,1778202.377,37.420
filelog_decode/utf8_multibyte/17,prototype,65505,1682517.377,1670018.168,1720522.793,37.129
filelog_decode/utf8_multibyte/17,candidate,65505,911768.655,902692.089,972369.054,68.516
filelog_decode/utf8_multibyte/3,prototype,65505,2035838.347,1939453.351,2049073.470,30.685
filelog_decode/utf8_multibyte/3,candidate,65505,1129535.043,1090956.757,1159492.813,55.306
filelog_decode/utf8_multibyte/65536,prototype,65505,1667663.554,1622648.746,1849550.676,37.460
filelog_decode/utf8_multibyte/65536,candidate,65505,875255.884,848084.763,908569.324,71.374
