case,chunk_bytes,source_bytes,frames,median_mean_ns,min_mean_ns,max_mean_ns,source_mib_per_s,frames_per_s,allocations_per_frame,peak_live_bytes
utf8_short_preserve,17,264192,2048,5232434.032,5228324.826,5245590.600,48.152,391404.839,,
utf8_short_preserve,131072,264192,2048,4940467.152,4873937.530,4988449.145,50.998,414535.698,16.0000,256
utf8_short_replace,17,264192,2048,3858377.093,3857628.261,3891809.180,65.300,530793.116,,
utf8_short_replace,131072,264192,2048,3672447.853,3621486.200,3695432.104,68.606,557666.189,8.0000,128
utf8_multibyte_preserve,17,296960,2048,6193527.896,6190542.569,6401582.632,45.726,330667.761,,
utf8_multibyte_preserve,131072,296960,2048,5989519.415,5953073.877,6032141.765,47.283,341930.605,14.0000,320
utf16le_preserve,17,266240,2048,3560389.405,3522025.443,3585674.210,71.314,575217.980,,
utf16le_preserve,131072,266240,2048,3144297.468,3100558.204,3162630.500,80.751,651337.865,14.0000,240
utf8_malformed_preserve,17,264192,2048,4802710.226,4753485.152,4818416.132,52.461,426425.894,,
utf8_malformed_preserve,131072,264192,2048,4571679.084,4545607.471,4576486.706,55.112,447975.451,8.0044,384
utf8_oversize_split,17,262160,256,4452693.078,4416394.622,4471624.951,56.149,57493.296,,
utf8_oversize_split,131072,262160,256,4233496.726,4193290.382,4254274.259,59.056,60470.107,11.0430,2048
utf8_oversize_truncate,17,262160,16,2493055.576,2491237.578,2493695.324,100.285,6417.827,,
utf8_oversize_truncate,131072,262160,16,2265096.335,2262919.001,2265579.244,110.377,7063.717,22.0000,2048
